videoId,title,channelId,channelTitle,Date,videoViewCount,likeCount,dislikeCount,commentCount,channelViewCount,subscriberCount,videoCount,positive_comments,negative_comments,neutral_comments,stock_price_before,stock_date_before,stock_price_after,stock_date_after
ONqGkVCcQ3Y,Playstation-Chan Meets Google Stadia-Chan,UCvCtIO1it51jSkZGibS9R3w,Merryweather Comics,2020-03-12,488897,15806,97,643,95426510,657000,264,91,37,123,1210.9000244140625,2020-03-11,1091.18994140625,2020-03-18
Q0BUW-6d6jc,Xbox-Chan vs. Google Stadia-Chan,UCvCtIO1it51jSkZGibS9R3w,Merryweather Comics,2020-03-14,358642,13563,110,760,95426510,657000,264,80,33,143,1214.27001953125,2020-03-13,1068.2099609375,2020-03-20
yfVyIS5XZvI,Nintendo Switch &amp; Google Stadia,UCvCtIO1it51jSkZGibS9R3w,Merryweather Comics,2020-05-11,215968,17495,78,1725,95426510,657000,264,348,169,429,1384.3399658203125,2020-05-08,1373.06005859375,2020-05-15
VG06H7IQ9Aw,Google Stadia Specs Analysis + Exclusive Performance Testing,UC9PBzalIcEQCsiIkq36PyUA,Digital Foundry,2019-03-19,486767,12533,1041,3458,433428945,1090000,3175,480,261,322,1188.550048828125,2019-03-18,1197.3800048828125,2019-03-25
9uwunZ2a4gc,"Google Stadia Review: 4K Image Quality Analysis, Latency Tests. Is This Really The Future Of Gaming?",UC9PBzalIcEQCsiIkq36PyUA,Digital Foundry,2019-11-21,395031,11305,715,3225,433428945,1090000,3175,543,232,302,1301.8599853515625,2019-11-20,1312.1300048828125,2019-11-27
kXVfT_0Bsi8,"ESTO te hará EXPLOTAR LA CABEZA!!! Google Stadia, UNBOXING y REVIEW",UCXk9Voo5cAfoYbnXjrNZhVw,Pro Android,2019-11-23,481624,18660,1010,1687,437238160,3610000,1192,55,25,802,1293.6700439453125,2019-11-22,1304.0899658203125,2019-11-29
xpsbtTHLqEI,Google Stadia is a Dumpster Fire...,UCtMVHI3AJD4Qk4hcbZnI9ZQ,SomeOrdinaryGamers,2019-11-21,472296,22332,372,2517,449673126,2270000,1948,375,178,361,1301.8599853515625,2019-11-20,1312.1300048828125,2019-11-27
IfhSOFBeVao,Google Stadia is a Failure...,UCtMVHI3AJD4Qk4hcbZnI9ZQ,SomeOrdinaryGamers,2020-02-19,383066,21743,365,2812,449673126,2270000,1948,422,255,346,1519.43994140625,2020-02-18,1386.3199462890625,2020-02-25
As5bzTW50cM,Google Stadia is a Mismanaged Train Wreck.,UCuJyaxv7V-HK4_qQzNK_BXQ,BeatEmUps,2019-11-22,456473,14310,457,1570,162559780,1130000,713,409,176,250,1300.1400146484375,2019-11-21,1312.1300048828125,2019-11-27
-Vgd124f3i4,Life as a Google Stadia Gamer,UCuJyaxv7V-HK4_qQzNK_BXQ,BeatEmUps,2020-03-13,313088,20375,1096,1377,162559780,1130000,713,515,107,231,1111.550048828125,2020-03-12,1111.6700439453123,2020-03-19
qd8z3Pe7KWU,How to get FREE games RIGHT NOW! (Stadia),UCYVinkwSX7szARULgYpvhLw,Ali-A,2020-05-30,456666,20604,1554,2265,5351271850,17500000,3548,338,140,601,1433.52001953125,2020-05-29,1440.02001953125,2020-06-05
x3Wek3Wyo94,"Exclusivo de GOOGLE STADIA | Gylt - O Início de Gameplay, em Português!",UCWKtHaeXVzUscYGcm0hEunw,BRKsEDU,2019-11-20,448116,38425,473,1412,1811708360,8740000,4662,72,106,809,1312.5899658203125,2019-11-19,1313.0,2019-11-26
-oPcBmITLhU,BEKLEDİĞİMİ BULAMADIM: GOOGLE STADIA&#39;NIN FİYATI VE ÇIKIŞ TARİHİ,UCXin0u5SrVEBjn5LhOoG97A,Enis Kirazoglu,2019-06-07,434930,20847,503,2431,197967055,858000,834,83,30,805,1047.760009765625,2019-06-06,1091.010009765625,2019-06-13
MQeMk1DTaiM,"Missing Tons Of Features, Google Stadia Looks To Launch As Unfinished Trash",UCWCw2Sd7RlYJ2yuNVHDWNOA,Jim Sterling,2019-11-16,433584,17386,684,2864,498863517,923000,2565,469,269,344,1333.5400390625,2019-11-15,1293.6700439453125,2019-11-22
FYFLF3uiSA8,Google Stadia&#39;s Attempts To Attract Developers Are Worthlessly Pathetic,UCWCw2Sd7RlYJ2yuNVHDWNOA,Jim Sterling,2020-03-05,278586,12939,163,1451,498863517,923000,2565,394,223,253,1381.5999755859375,2020-03-04,1210.9000244140625,2020-03-11
aAktAeTDjEA,Funktioniert »die Zukunft des Gamings« wirklich? - Google Stadia im Test / Review-Video,UC6C1dyHHOMVIBAze8dWfqCw,GameStar,2019-11-18,428191,8877,577,2363,1000660379,1280000,10627,165,68,845,1333.5400390625,2019-11-15,1293.6700439453125,2019-11-22
Z3oqJY-uZIQ,Google Stadia klingt wie pure Magie,UC6C1dyHHOMVIBAze8dWfqCw,GameStar,2019-03-22,340023,6070,298,1468,1000660379,1280000,10627,108,37,509,1236.1300048828125,2019-03-21,1172.27001953125,2019-03-28
TJ_4ORG_mzI,Google Stadia Proposition Keeps Getting Worse,UCT6iAerLNE-0J1S_E97UAuQ,YongYea,2019-07-23,424737,18617,607,5914,430291499,1150000,2915,504,286,289,1139.2099609375,2019-07-22,1241.8399658203125,2019-07-29
uEXgjciuYSk,Chefkoch Paluten zeigt sein Geheim-Rezept! (Pdizzle Speciale) + Google @Stadia,UCOzqhzAIw4JTJIMkDTfLnkg,Paluten,2020-05-10,417599,33863,562,2479,3173128035,3930000,5775,119,22,952,1384.3399658203125,2020-05-08,1373.06005859375,2020-05-15
kaRzesjp828,"AJS News - Activision EXPOSED, Google Stadia D.O.A, Black Ops LIES, Witcher Netflix Reveal!",UCsgv2QHkT2ljEixyulzOnUQ,AngryJoeShow,2019-07-03,400435,16962,393,1996,1236977317,3270000,1986,538,288,257,1112.5999755859377,2019-07-02,1124.2900390625,2019-07-09
KcPsPBipwGM,Google Stadia Review (2020 Update),UCKy1dAqELo0zrOtPkf0eTMw,IGN,2020-04-29,395232,5729,2375,1578,11375701726,14500000,140399,154,74,140,1232.5899658203125,2020-04-28,1349.02001953125,2020-05-05
gT9J2AkWvO8,Watch Dogs: Legion Official Google Stadia Trailer - Gamescom 2019,UCKy1dAqELo0zrOtPkf0eTMw,IGN,2019-08-19,384863,12545,378,697,11375701726,14500000,140399,144,92,195,1179.2099609375,2019-08-16,1153.5799560546875,2019-08-23
Q_dggN2rN3A,Google Stadia Announcement Trailer - GDC 2019,UCKy1dAqELo0zrOtPkf0eTMw,IGN,2019-03-19,265252,4807,1365,1126,11375701726,14500000,140399,205,129,409,1188.550048828125,2019-03-18,1197.3800048828125,2019-03-25
9Y-wZ4xWpLc,Google Stadia Instant Access Demo - GDC 2019,UCKy1dAqELo0zrOtPkf0eTMw,IGN,2019-03-19,222158,3406,334,623,11375701726,14500000,140399,114,68,172,1188.550048828125,2019-03-18,1197.3800048828125,2019-03-25
ocZ25AtuS4A,Google Stadia: What Impact Will it Have on Gaming in 2020? - Gamescom 2019,UCKy1dAqELo0zrOtPkf0eTMw,IGN,2019-08-22,168432,2366,541,1017,11375701726,14500000,140399,144,84,159,1191.5799560546875,2019-08-21,1173.75,2019-08-28
Jlf7L5VxlcM,"Google Stadia: Mortal Kombat, Destiny 2, and Tomb Raider Gameplay",UCKy1dAqELo0zrOtPkf0eTMw,IGN,2019-11-18,150938,2549,580,637,11375701726,14500000,140399,134,64,149,1333.5400390625,2019-11-15,1293.6700439453125,2019-11-22
nJtwuibxnWc,Google Stadia Is Free Starting Today - IGN Now,UCKy1dAqELo0zrOtPkf0eTMw,IGN,2020-04-08,148973,2934,243,986,11375701726,14500000,140399,167,79,143,1182.56005859375,2020-04-07,1265.22998046875,2020-04-14
e0A2a0zYW7U,"Google Stadia: Testing Gameplay of Destiny 2, and Red Dead Redemption 2 - IGN Plays Live",UCKy1dAqELo0zrOtPkf0eTMw,IGN,2019-11-19,144397,1803,426,359,11375701726,14500000,140399,41,32,42,1319.8399658203125,2019-11-18,1305.6400146484375,2019-11-25
8igzue_fNDQ,FULL Google Stadia Connect Full Conference - E3 2019,UCKy1dAqELo0zrOtPkf0eTMw,IGN,2019-06-06,132528,2236,615,798,11375701726,14500000,140399,150,88,204,1044.6400146484377,2019-06-05,1079.0999755859377,2019-06-12
lktPNhglQ5E,Google Stadia Controller Review,UCKy1dAqELo0zrOtPkf0eTMw,IGN,2019-11-19,116146,1867,379,349,11375701726,14500000,140399,35,27,68,1319.8399658203125,2019-11-18,1305.6400146484375,2019-11-25
vq47YENoaFE,Google Stadia Hands-On With Doom Eternal - E3 2019,UCKy1dAqELo0zrOtPkf0eTMw,IGN,2019-06-13,84249,1004,337,165,11375701726,14500000,140399,24,8,32,1079.0999755859377,2019-06-12,1104.510009765625,2019-06-19
cYa85A8qvlc,Google Stadia Controller Announcement - GDC 2019,UCKy1dAqELo0zrOtPkf0eTMw,IGN,2019-03-19,71019,1359,190,251,11375701726,14500000,140399,52,20,74,1188.550048828125,2019-03-18,1197.3800048828125,2019-03-25
7pETx8Lacx0,El Problema de Google Stadia | PLANO DE JUEGO,UC910yxBmXzGDH_2cx0XE0Xw,Plano De Juego,2019-04-02,387415,20776,853,1632,22350002,362000,89,49,30,565,1198.97998046875,2019-04-01,1208.280029296875,2019-04-08
S2QCHGon0dk,Google Stadia is pointless,UCmTPhoY-bYX2PKU03IKcKcA,Foekoe,2019-12-05,389747,14868,433,1626,21476433,158000,84,159,80,221,1318.93994140625,2019-12-04,1344.25,2019-12-11
iUh2hiW_ecI,"Star Wars Jedi: Fallen Order, Google Stadia, Half-Life Alyx, Videobrettspiele | Game Two #138",UCFBapHA35loZ3KZwT_z3BsQ,Game Two,2019-11-23,357806,16796,236,1198,109455954,427000,703,183,90,501,1293.6700439453125,2019-11-22,1304.0899658203125,2019-11-29
_JDDgbZMA7Y,"Google Stadia review: Playable, not perfect",UC-6OW5aJYBFM33zXQlBKPNA,Engadget,2019-11-18,354843,7244,1099,1342,380168592,1170000,5294,319,142,207,1333.5400390625,2019-11-15,1293.6700439453125,2019-11-22
3awwM_aUEe0,Google Stadia vs. Microsoft xCloud: Real-world comparison,UC-6OW5aJYBFM33zXQlBKPNA,Engadget,2019-11-29,191879,4032,474,717,380168592,1170000,5294,169,42,81,1312.1300048828125,2019-11-27,1326.9599609375,2019-12-05
hHw75tzcbvM,Google Stadia Launched 🎮The Future of Gaming is Here 🎮🔥,UCOhHO2ICt0ti9KAh-QHvttQ,Technical Guruji,2019-03-20,352122,22129,1235,2755,2381426488,20200000,3447,320,66,642,1202.4599609375,2019-03-19,1189.8399658203125,2019-03-26
j5IWPcIVbK4,GIOCARE DA OVUNQUE A QUALUNQUE GIOCO! *GOOGLE STADIA*,UCpyDd4YbikHZE-DtNGfpdjQ,Two Players One Console,2019-12-21,341711,21172,438,993,2119128738,2480000,2384,24,10,707,1351.219970703125,2019-12-20,1354.6400146484375,2019-12-27
ouKI5heMy6I,"Google Stadia, lançamento é um total desastre",UCJAbkIY17zAmCTNQHH0bQoQ,Gameplayrj,2019-11-23,339008,40819,697,669,3300488870,8200000,16284,4,9,319,1293.6700439453125,2019-11-22,1304.0899658203125,2019-11-29
yLE92F3Njg4,"Eu testei o Google Stadia oficial , o que eu achei, os gráficos são bons? Tem delay?",UCJAbkIY17zAmCTNQHH0bQoQ,Gameplayrj,2019-06-14,319111,40679,435,324,3300488870,8200000,16284,6,3,173,1091.010009765625,2019-06-13,1113.199951171875,2019-06-20
oVa9Mqq-DYg,Google Stadia vai nascer falido?,UCJAbkIY17zAmCTNQHH0bQoQ,Gameplayrj,2019-07-28,234135,29494,386,504,3300488870,8200000,16284,18,5,321,1245.219970703125,2019-07-26,1196.3199462890625,2019-08-02
mTWHAXu2Zrs,"Google Stadia DE GRAÇA, será que agora vai? e Valorant no BRASIL",UCJAbkIY17zAmCTNQHH0bQoQ,Gameplayrj,2020-04-09,189930,24208,242,409,3300488870,8200000,16284,6,6,198,1207.0,2020-04-08,1257.300048828125,2020-04-15
WgD1MfkaaDQ,"Google Stadia - Propaganda enganosa, mentiras e fracasso",UCJAbkIY17zAmCTNQHH0bQoQ,Gameplayrj,2019-11-26,150600,20272,275,306,3300488870,8200000,16284,9,1,147,1305.6400146484375,2019-11-25,1288.8599853515625,2019-12-02
eouqoIur5c4,Hands-On with Google Stadia and Technology Deep Dive!,UCiDJtJKMICpb9B1qf7qjEOA,Adam Savage’s Tested,2019-10-31,337489,5844,439,1495,1035108026,5300000,4494,297,95,185,1260.699951171875,2019-10-30,1291.010009765625,2019-11-06
F7zOn9OwfiI,Google Stadia Cloud Gaming Review!,UCiDJtJKMICpb9B1qf7qjEOA,Adam Savage’s Tested,2019-11-18,300613,4996,1281,1226,1035108026,5300000,4494,274,111,185,1333.5400390625,2019-11-15,1293.6700439453125,2019-11-22
ZqJz226VPUQ,Google推出串流遊戲服務Stadia，是怎麼運作呢? 真的有這麼厲害嗎? | 啾啾鞋,UCIF_gt4BfsWyM_2GOcKXyEQ,啾啾鞋,2019-03-27,331382,9110,151,1349,197217562,1430000,492,9,2,826,1189.8399658203125,2019-03-26,1205.5400390625,2019-04-02
alr0y7g9UMI,Боевой тест - Google Stadia. Будущее игр в стриминге?,UCt7sv-NKh44rHAEb-qCCxvA,Wylsacom,2019-12-28,327198,19230,1864,1737,2194114780,9790000,2508,10,8,1068,1354.6400146484375,2019-12-27,1361.52001953125,2020-01-03
bU2S_tQs6xA,Google Stadia review! This is the future of gaming (if you have a high data cap),UCgyqtNWZmIxTx3b6OxTSALw,Android Authority,2019-11-18,307875,6439,929,1321,758610144,3370000,3841,316,180,268,1333.5400390625,2019-11-15,1293.6700439453125,2019-11-22
utAZvV9E7AY,Google Stadia 7 months later: Is it worth it?,UCgyqtNWZmIxTx3b6OxTSALw,Android Authority,2020-05-16,253957,5418,363,1130,758610144,3370000,3841,201,65,111,1373.06005859375,2020-05-15,1413.239990234375,2020-05-22
x20RTBA86bs,Probamos Google Stadia a fondo - ¿Realmente es el futuro?,UC57EbtWtcVA0MYWi-sWlpGQ,Hobby Consolas,2019-11-18,300629,5077,1138,1731,45981998,193000,4867,34,29,693,1333.5400390625,2019-11-15,1293.6700439453125,2019-11-22
pA_QuOGEqp8,جهاز جوجل؟ هل يغنيك عن الـ PC و الكونسول 🤔 | Google Stadia,UCx4H1gtwgO3hvEFA2lQhZ5w,Reybad - ريباد,2019-03-20,300509,26778,442,1032,101264173,851000,328,7,3,623,1202.4599609375,2019-03-19,1189.8399658203125,2019-03-26
o5nKJaARd3A,El accidentado lanzamiento de Google Stadia | ¿Un servicio muerto en lanzamiento?,UCzGMBzt6UOMoQe_dqOfShZw,Cultura VJ,2019-11-24,299187,13306,552,1295,44714515,383000,736,25,40,573,1293.6700439453125,2019-11-22,1304.0899658203125,2019-11-29
8iH_eFCbXmE,PS5 NOW VS Google Stadia,UCX77Km4pLRsU9OFYEMdIvew,TheGamer,2019-10-23,297019,4181,277,1183,425732054,1730000,1040,146,71,250,1241.199951171875,2019-10-22,1260.6600341796875,2019-10-29
Hbd9uKZPmb0,Google Stadia Price Reveal - Huawei Goes To Russia,UCXv-co3EYHF7aOH4A93qAHQ,Lew Later,2019-06-07,280084,8133,226,934,59254274,788000,227,313,103,235,1047.760009765625,2019-06-06,1091.010009765625,2019-06-13
ePFzCMvAeBk,8K i 120 FPS na słabym PC? Co zmieni Google Stadia,UCtGnMWpCcoRZVWxkVKp3Ulg,TVGRYpl,2019-03-20,275176,11406,178,1049,815289080,1180000,2862,98,19,457,1202.4599609375,2019-03-19,1189.8399658203125,2019-03-26
8ATutWS9FeM,The True Potential of Google Stadia | Ashens,UCxt9Pvye-9x_AIcb1UtmF1Q,ashens,2020-02-21,270266,19904,285,1689,493996006,1510000,846,460,164,365,1516.989990234375,2020-02-20,1314.949951171875,2020-02-27
kIeut9CUCKg,BITS: Google Stadia fracasará porque no entiende el gaming,UChXHOzuSXAGZSDEWHOEk84g,levelup.com,2019-08-22,262294,22353,637,1619,376125491,1270000,3238,37,31,740,1191.5799560546875,2019-08-21,1173.75,2019-08-28
d9rUEBpnEiY,I Played It! What&#39;s Wrong With Google Stadia,UC4_bwov47DseacR1-ttTdOg,boogie2988,2019-06-14,246114,9506,668,1906,895037873,4280000,2327,572,204,254,1091.010009765625,2019-06-13,1113.199951171875,2019-06-20
sk5yi6nbtMI,"Почему Cyberpunk 2077 получила 18+, новые игры Google Stadia, дата выхода Deadly Premonition 2…",UCq7JZ8ATgQWeu6sDM1czjhg,StopGame.Ru,2020-04-29,245960,17561,292,515,826114485,1960000,4649,9,5,219,1232.5899658203125,2020-04-28,1349.02001953125,2020-05-05
s_Ds8x7fSMY,Google Stadia Game Prices Are Hilarious,UCoIXnB865l9Ex9zs4OIXTdQ,Spawn Wave,2019-11-19,242594,7282,420,1565,183706953,517000,2646,355,237,207,1319.8399658203125,2019-11-18,1305.6400146484375,2019-11-25
tB4UldlJPFw,Google Stadia&#39;s Overheating Problem,UCoIXnB865l9Ex9zs4OIXTdQ,Spawn Wave,2019-11-24,172147,6086,242,1048,183706953,517000,2646,251,106,205,1293.6700439453125,2019-11-22,1304.0899658203125,2019-11-29
0cjSE6hlw0s,A New Nintendo Switch Pro Controller Releases And Google Stadia&#39;s Bold Claim | News Wave,UCoIXnB865l9Ex9zs4OIXTdQ,Spawn Wave,2019-10-10,149178,5216,128,963,183706953,517000,2646,207,124,169,1202.4000244140625,2019-10-09,1243.0,2019-10-16
ltQjnU9tVXU,This Just Made Google Stadia Pointless?,UCoIXnB865l9Ex9zs4OIXTdQ,Spawn Wave,2020-02-06,123601,4328,154,873,183706953,517000,2646,218,114,122,1446.050048828125,2020-02-05,1518.6300048828125,2020-02-12
ggq5HihbdRw,The PlayStation 5 Finally Gets Revealed And Google Stadia Randomly Leaks A Game | News Wave,UCoIXnB865l9Ex9zs4OIXTdQ,Spawn Wave,2020-06-12,114501,5833,135,1240,183706953,517000,2646,322,184,175,1401.9000244140625,2020-06-11,1434.1199951171875,2020-06-18
hDjQ02QQUeQ,The Google Stadia Controller Is A Nightmare To Disassemble,UCoIXnB865l9Ex9zs4OIXTdQ,Spawn Wave,2019-11-26,102174,4084,170,536,183706953,517000,2646,158,51,112,1305.6400146484375,2019-11-25,1288.8599853515625,2019-12-02
nMRsFzmoJWo,The Pokemon Company Is Suing Leakers And Google Stadia Caught Lying? | News Wave,UCoIXnB865l9Ex9zs4OIXTdQ,Spawn Wave,2019-11-26,84182,4019,108,897,183706953,517000,2646,200,124,108,1305.6400146484375,2019-11-25,1288.8599853515625,2019-12-02
BEjixL7bfQo,PRIMO VIDEO con GOOGLE #STADIA!,UCSFC5Cio8zaLQDFPxA7y_HQ,FavijTV,2019-12-23,242409,17193,411,474,3694190365,5990000,2612,15,5,261,1351.219970703125,2019-12-20,1354.6400146484375,2019-12-27
M4x-w7fA3bI,¡¡¡MI EXPERIENCIA SINCERA CON GOOGLE STADIA!!! - Sasel - founder edition - nube - streaming,UCF3Ez6QwZwwr_E7RZGJMW0A,saselandia,2019-11-20,242197,10174,4098,2477,213251586,357000,3374,48,40,943,1312.5899658203125,2019-11-19,1313.0,2019-11-26
DTQghQDUT2E,"¡GOOGLE STADIA ES UN TIMO,  OPINIÓN DE 3 MAESTROS! - Sasel - análisis - español - noticias",UCF3Ez6QwZwwr_E7RZGJMW0A,saselandia,2019-06-06,73928,4670,1261,1047,213251586,357000,3374,38,23,701,1044.6400146484377,2019-06-05,1079.0999755859377,2019-06-12
cZg5VMWW750,Google Stadia Connect E3 2019 Presentation,UCbu2SsF-Or3Rsn3NxqODImw,GameSpot,2019-06-06,225753,2730,886,920,2693861329,4470000,34967,173,87,169,1044.6400146484377,2019-06-05,1079.0999755859377,2019-06-12
NZrj-0TsyaM,DOOM 2016 - Google Stadia Gameplay,UCbu2SsF-Or3Rsn3NxqODImw,GameSpot,2019-03-19,83833,718,266,259,2693861329,4470000,34967,57,26,37,1188.550048828125,2019-03-18,1197.3800048828125,2019-03-25
4SC3yLAwl1g,Google Stadia Review In Progress,UCbu2SsF-Or3Rsn3NxqODImw,GameSpot,2019-11-18,61737,1038,192,341,2693861329,4470000,34967,67,45,53,1333.5400390625,2019-11-15,1293.6700439453125,2019-11-22
8smVVqraGG0,Google Stadia Connect Livestream At Gamescom 2019,UCbu2SsF-Or3Rsn3NxqODImw,GameSpot,2019-08-19,61230,635,446,165,2693861329,4470000,34967,46,20,27,1179.2099609375,2019-08-16,1153.5799560546875,2019-08-23
ai1vI5TPtDo,El PLÁSTICO de Google - STADIA Founders Edition,UC8679JjreNLfSCgA-2Fb4kA,SpineCard,2019-11-29,225591,12959,793,1768,27042586,191000,275,42,25,762,1312.1300048828125,2019-11-27,1326.9599609375,2019-12-05
s8KmFce3rEk,Google STADIA - Wirklich ein Flop? Mein Praxistest!,UCJZnRJATAFN5rbXpewp7Vyw,mpoxDE,2019-11-21,222904,4446,212,1128,21735518,91500,694,72,25,288,1301.8599853515625,2019-11-20,1312.1300048828125,2019-11-27
Dl8YpMo72VE,Stadia Connect 7.14.2020 - Check Out New Game Releases &amp; Announcements,UCQKyy9Wl7hsVn1BP7BC53Yg,Stadia,2020-07-14,221217,2528,1252,722,83110051,269000,236,130,78,154,1512.22998046875,2020-07-13,1563.8399658203125,2020-07-20
4fqISnoC9BI,Stadia - Play For Everyone,UCQKyy9Wl7hsVn1BP7BC53Yg,Stadia,2020-04-28,190081,2646,1759,764,83110051,269000,236,39,18,74,1270.8599853515625,2020-04-27,1322.9000244140625,2020-05-04
CcsZHPdMr1M,Cyberpunk 2077 - Official Stadia Reveal Trailer | Stadia Connect,UCQKyy9Wl7hsVn1BP7BC53Yg,Stadia,2019-08-19,166620,1700,139,154,83110051,269000,236,15,10,26,1179.2099609375,2019-08-16,1153.5799560546875,2019-08-23
vsaenNSjclY,Official Stadia GDC 2019 Announcement Recap,UCQKyy9Wl7hsVn1BP7BC53Yg,Stadia,2019-03-19,152400,3278,332,402,83110051,269000,236,61,18,117,1188.550048828125,2019-03-18,1197.3800048828125,2019-03-25
inxIiG8lNRI,GYLT - Official Launch Trailer | Stadia,UCQKyy9Wl7hsVn1BP7BC53Yg,Stadia,2019-11-12,99636,2414,213,262,83110051,269000,236,57,21,62,1298.280029296875,2019-11-11,1319.8399658203125,2019-11-18
ks6m_rMlQLo,Cyberpunk 2077 - Official Gameplay Trailer | Stadia,UCQKyy9Wl7hsVn1BP7BC53Yg,Stadia,2020-11-27,83421,2535,167,362,83110051,269000,236,51,19,103,1764.1300048828125,2020-11-25,1824.969970703125,2020-12-02
aXAAujWQx3Q,Test Google Stadia - pochmurna przyszłość gier wideo,UCjgirfp1BeeM98AxxyKXolA,arhn.eu,2019-11-22,219831,7418,236,918,140730743,329000,1046,74,17,368,1300.1400146484375,2019-11-21,1312.1300048828125,2019-11-27
qosk1EiOvec,Google Stadia&#39;s New &#39;Gender Neutral&#39; Controller,UCuVgoagmU3hmfMwtxG9s4Sw,Optimus,2019-11-21,219404,11014,185,2739,245867356,1060000,1045,313,169,531,1301.8599853515625,2019-11-20,1312.1300048828125,2019-11-27
BeZ_VUQYeDE,Prečo je MAC Pro Taký Drahý? | Google Stadia,UCf4pkVHnnWTqUbjxZgFzvfw,Duklock,2019-06-07,219170,21508,422,1048,183117750,586000,852,107,20,466,1047.760009765625,2019-06-06,1091.010009765625,2019-06-13
BoH6LOB6UP4,Google Stadia é a MAIOR PIADA do mundo gamer,UCoTIpyf8_RGzJ1LPTmvadaA,CENTRAL,2019-11-15,216920,20826,1287,2051,203602289,764000,2828,64,38,986,1309.1500244140625,2019-11-14,1300.1400146484375,2019-11-21
fVRDYeCmoR0,NVIDIA botou o Google STADIA pra MAMAR,UCoTIpyf8_RGzJ1LPTmvadaA,CENTRAL,2020-02-13,142098,17662,179,1993,203602289,764000,2828,99,37,947,1518.6300048828125,2020-02-12,1524.8699951171875,2020-02-19
sGzBotqZSoE,o DESASTROSO Lançamento do Google STADIA,UCoTIpyf8_RGzJ1LPTmvadaA,CENTRAL,2019-11-20,101581,10853,206,1118,203602289,764000,2828,33,30,548,1312.5899658203125,2019-11-19,1313.0,2019-11-26
1y4YArdkyjQ,XBOX colocou o Google Stadia pra MAMAR,UCoTIpyf8_RGzJ1LPTmvadaA,CENTRAL,2020-07-17,98095,14300,96,2104,203602289,764000,2828,45,52,647,1514.9200439453125,2020-07-16,1516.75,2020-07-23
ySnnzIv9ICc,Evento do Google STADIA foi Completamente HORRÍVEL,UCoTIpyf8_RGzJ1LPTmvadaA,CENTRAL,2020-07-15,84794,11437,196,1313,203602289,764000,2828,53,32,641,1520.8599853515625,2020-07-14,1555.9200439453125,2020-07-21
6YzEHqbd1sY,Google está ABANDONANDO e MATANDO o Stadia,UCoTIpyf8_RGzJ1LPTmvadaA,CENTRAL,2020-10-04,72692,9841,95,1050,203602289,764000,2828,32,19,516,1455.5999755859375,2020-10-02,1510.449951171875,2020-10-09
166tDxSQN28,Google Stadia PISTOLOU com Diretor que BOSTEJOU no Twitter,UCoTIpyf8_RGzJ1LPTmvadaA,CENTRAL,2020-10-24,72710,10844,78,726,203602289,764000,2828,26,13,309,1632.97998046875,2020-10-23,1616.1099853515625,2020-10-30
BUySI7QTqLY,Amazon botou o Google Stadia pra MAMAR,UCoTIpyf8_RGzJ1LPTmvadaA,CENTRAL,2020-09-25,69838,9833,70,900,203602289,764000,2828,36,9,425,1422.8599853515625,2020-09-24,1487.9000244140625,2020-10-01
LZzDXNb89Es,Google está tentando REVIVER o STADIA,UCoTIpyf8_RGzJ1LPTmvadaA,CENTRAL,2020-11-27,58751,8069,88,658,203602289,764000,2828,27,12,299,1764.1300048828125,2020-11-25,1824.969970703125,2020-12-02
wnneXKQFvwM,Google Stadia is FINALLY here: hands-on first impressions,UCOmcA3f_RrH6b9NmcNa4tdg,CNET,2019-11-18,213857,2367,737,566,1290214494,2890000,19962,106,69,103,1333.5400390625,2019-11-15,1293.6700439453125,2019-11-22
wi9DtYSOMks,Google Stadia announced at GDC 2019,UCOmcA3f_RrH6b9NmcNa4tdg,CNET,2019-03-19,134584,2018,125,448,1290214494,2890000,19962,105,51,91,1188.550048828125,2019-03-18,1197.3800048828125,2019-03-25
j_RCmw1UjIA,Google Stadia might have a different goal than you think,UCOmcA3f_RrH6b9NmcNa4tdg,CNET,2019-03-23,122312,1554,268,376,1290214494,2890000,19962,89,37,59,1207.6500244140625,2019-03-22,1176.8900146484375,2019-03-29
2qs-NP1DVzU,Lots of Google Stadia details and more,UCOmcA3f_RrH6b9NmcNa4tdg,CNET,2019-07-24,81220,1423,90,249,1290214494,2890000,19962,24,22,25,1148.050048828125,2019-07-23,1228.0,2019-07-30
HU9V99Snpug,Google Stadia - Is Cloud Gaming For Real? - Extra Credits,UCCODtTcd5M1JavPCOr_Uydg,Extra Credits,2019-04-10,212002,9112,216,1302,713935421,2460000,1176,434,189,214,1202.68994140625,2019-04-09,1231.9100341796875,2019-04-16
_WLbp3vYY-c,DOOM ETERNAL Exclusive Raw Gameplay Captured on Google Stadia,UC5WkdMZGjkKs3UplZfVbatA,TommyT999,2019-09-08,208541,2245,628,864,189676966,688000,2504,105,92,113,1206.3199462890625,2019-09-06,1240.030029296875,2019-09-13
hVTsj66g9bA,Not Dead Yet: Google Stadia 2020 Review &amp; Latency Benchmarks for Game Streaming,UChIs72whgZI9w6d6FhwGGHA,Gamers Nexus,2020-08-02,206608,7666,274,1708,263031621,1220000,2296,367,197,158,1487.949951171875,2020-07-31,1498.3699951171875,2020-08-07
8fFCmqfrii8,I  went to GERMANY to try Google STADIA!,UCvwgF_0NOZe2vN4Q3g1bY-A,Vikkstar123,2019-08-31,203325,10791,187,533,1955316214,6940000,4931,113,32,243,1190.530029296875,2019-08-30,1206.3199462890625,2019-09-06
ErlYgwMLkH4,Análisis de STADIA ¿Funciona el juego en streaming de Google?,UC05m1jT_pGm-DJKlpXsBYkA,3DJuegos.com,2019-11-19,202511,6642,602,904,151528715,760000,3660,21,13,331,1319.8399658203125,2019-11-18,1305.6400146484375,2019-11-25
Tv1qcrh1SKc,$380 Darksiders Genesis &quot;Nephilim&quot; Collector&#39;s Edition Unboxing (Google Stadia Gameplay),UCWVuy4NPohItH9-Gr7e8wqw,TheRelaxingEnd,2019-12-07,200349,6521,156,382,1465325596,6710000,3796,101,28,145,1339.3900146484375,2019-12-06,1346.8699951171875,2019-12-13
Yf5ebatpmec,ISTERIA COLLETTIVA PER GOOGLE STADIA,UC_eA572lBzVkpXhoeWnqSKQ,Quei Due Sul Server,2019-03-21,199927,15143,300,1203,169695742,712000,1238,94,41,689,1226.4300537109375,2019-03-20,1178.010009765625,2019-03-27
ABUN5SPD0zM,Le PROBLÈME de GOOGLE STADIA | EDITO,UCeVpI1jEdMUfboWOtl_Bq6g,Iconoclaste,2019-11-20,197216,11589,353,957,69864884,453000,381,58,28,400,1312.5899658203125,2019-11-19,1313.0,2019-11-26
jatVIptOFu8,[รีวิว] Google Stadia - อนาคตของเกมมิ่ง?,UCoiEtD4v1qMAqHV5MDI5Qpg,9arm,2019-11-24,190911,5549,104,462,34376626,304000,221,6,4,322,1293.6700439453125,2019-11-22,1304.0899658203125,2019-11-29
rHZuB6rtxhE,GOOGLE STADIA: la FINE di PLAYSTATION e XBOX? E il prezzo?,UCxKrf2zGbarAs-3zu_OQ-tw,PLAYERINSIDE,2019-03-20,190438,12692,195,1885,115263939,646000,993,173,59,837,1202.4599609375,2019-03-19,1189.8399658203125,2019-03-26
jYoNzjlzHmM,Google STADIA è arrivata! E NON CI SIAMO (per adesso),UCxKrf2zGbarAs-3zu_OQ-tw,PLAYERINSIDE,2019-11-23,139957,9435,137,848,115263939,646000,993,77,32,342,1293.6700439453125,2019-11-22,1304.0899658203125,2019-11-29
ZbzZJVXK8Tg,Google Stadia Gaming Announcement Trailer,UCUnRn1f78foyP26XGkRfWsA,GameSpot Trailers,2019-03-19,190068,2822,755,563,476516516,829000,10685,91,31,140,1188.550048828125,2019-03-18,1197.3800048828125,2019-03-25
hAVAlXyLt68,Google Stadia в РОССИИ: ОБЗОР,UCY03gpyR__MuJtBpoSyIGnw,Droider.Ru,2020-02-27,190397,11015,794,783,248569921,1110000,1889,8,0,492,1390.469970703125,2020-02-26,1381.5999755859375,2020-03-04
1ZL0W7YKzSQ,On a TESTÉ l’avenir du JEU VIDÉO (Test Google Stadia),UCgoxc-VKU0cw9BcM9z_qokg,Frandroid,2019-11-18,177067,3920,203,634,61840956,278000,1373,31,9,176,1333.5400390625,2019-11-15,1293.6700439453125,2019-11-22
-HLjgE6wh3c,"GOOGLE STADIA Si, tutto bello ma...",UChQlb1CdktgAt4k7U0TqisQ,Parliamo di Videogiochi,2019-11-20,176330,9670,196,956,114837947,471000,894,73,47,393,1312.5899658203125,2019-11-19,1313.0,2019-11-26
GfztqqgvJRM,Can Google Stadia Compete With Video Game Consoles?,UCvJJ_dzjViJCoLf5uKUTwoA,CNBC,2020-01-17,169867,2419,683,803,707044304,1940000,14276,185,101,151,1450.1600341796875,2020-01-16,1484.68994140625,2020-01-23
Vu6pMwkBHiU,GOOGLE STADIA ES EL LANZAMIENTO PEOR PLANEADO DE LA HISTORIA,UC8nqO3GJ8CcwKZ2UftEvBpw,Garrus,2019-11-21,168401,11698,464,881,5103058,66100,285,15,25,338,1301.8599853515625,2019-11-20,1312.1300048828125,2019-11-27
8d4aJAao4TA,I Played Destiny 2 On GOOGLE STADIA.. This is how it went,UCFQ3laJZ-KDd7o3mfQlTg3A,Unknown Player,2019-11-23,163108,4635,300,542,197393797,842000,1556,143,67,74,1293.6700439453125,2019-11-22,1304.0899658203125,2019-11-29
RHtzXyHNV0k,Google Stadia - ЭТО ПРОВАЛ! Стриминг никому не нужен!,UCr_fwF-n-2_olTYd-m3n32g,Антон Логвинов,2019-12-09,159251,8817,3623,587,180158529,618000,683,10,2,338,1339.3900146484375,2019-12-06,1346.8699951171875,2019-12-13
9Z2dXwsRUA4,Google Stadia ile Oyun Oynadık - Bilgisayara Konsola Gerek Yok!,UCzNu79N8Lq1wUY52MkhWKSA,ShiftDelete.Net,2019-05-09,158636,4130,177,467,494074612,1420000,5840,6,5,209,1170.780029296875,2019-05-08,1170.800048828125,2019-05-15
MzEEKQHLiTo,Google Stadia is Increasingly Garbage - Backwards Innovation,UChI0q9a-ZcbZh7dAu_-J-hg,Upper Echelon Gamers,2019-12-18,155263,8581,431,1195,91683913,424000,722,263,142,168,1354.8900146484375,2019-12-17,1344.4300537109375,2019-12-24
AVfbgXKBVmc,TESTAMOS O GOOGLE STADIA! PRIMEIRAS IMPRESSÕES,UCHCcdjkFeWndu5UixT1xswQ,The Enemy,2019-04-02,145036,8932,501,511,40339689,280000,1793,17,10,224,1198.97998046875,2019-04-01,1208.280029296875,2019-04-08
t__QwHQgiXM,GOOGLE STADIA UNBOXING &amp; SETUP IN HINDI!,UCLM2cAfUUTDDqg8ms2hodyQ,Happy Aujla,2019-11-23,143115,4376,364,449,32218493,358000,619,39,18,112,1293.6700439453125,2019-11-22,1304.0899658203125,2019-11-29
Y-hzJ6MUi9s,Google STADIA : panique à bord ? 🔥,UCRXcryyD7dzNQzd0Zkbj3ug,Julien Chièze,2020-02-03,133747,5414,268,723,166526456,549000,1655,71,46,340,1432.780029296875,2020-01-31,1479.1099853515625,2020-02-07
NDcrTIcO0pQ,Test Google Stadia,UCodQcUIWz9oYKvhvCZREhTA,Remigiusz Maciaszek,2019-03-21,129529,6723,128,559,518416852,1490000,6519,75,4,244,1226.4300537109375,2019-03-20,1178.010009765625,2019-03-27
F_nEZ6yC-DI,DEATH STRANDING y GOOGLE STADIA se ESTRELLAN en su LANZAMIENTO,UCjoI3m5iiEu4iMjbADY-oBg,JinoGamerHC,2019-11-20,127678,6167,601,512,84668006,272000,1038,16,12,229,1312.5899658203125,2019-11-19,1313.0,2019-11-26
MBFpHPFLbCM,Google Stadia: Quick Look,UCmeds0MLhjfkjD_5acPnFlQ,Giant Bomb,2019-11-18,126787,1783,115,431,175388380,264000,7477,105,46,68,1333.5400390625,2019-11-15,1293.6700439453125,2019-11-22
Yf6VS-uItmE,"GOOGLE STADIA: PRECIO, PLAN GRATIS y VIDEOJUEGOS | Jugar desde cualquier parte sin disco o consola",UCUrYBZGlEOSD1_ds_HcNd6A,Xataka TV,2019-06-06,126675,2843,66,478,218530955,765000,3046,7,7,94,1044.6400146484377,2019-06-05,1079.0999755859377,2019-06-12
_l-Ae_4kygY,"Cos&#39;è Google Stadia? Sono Curioso, Proviamola  #Stadia",UC1jTVZboWRPpjGKAN921M5w,CiccioGamer89,2019-12-22,126463,8330,326,194,1365510017,3200000,6574,8,2,103,1351.219970703125,2019-12-20,1354.6400146484375,2019-12-27
MCiYQCJaffU,PROVO IL NUOVO GOOGLE STADIA IN ANTEPRIMA! (Founders Edition),UCDz3CjAc51W-YtsxYtSPZXg,GiampyTek,2019-11-20,123873,9353,199,337,538113881,1890000,2265,8,2,151,1312.5899658203125,2019-11-19,1313.0,2019-11-26
o4r0KWOtWo0,I actually like Google Stadia. Kinda.,UCr613nJgA50o8DUUT00qHvw,WULFF DEN,2019-11-25,124189,4626,459,869,87510841,555000,1231,244,59,87,1293.6700439453125,2019-11-22,1304.0899658203125,2019-11-29
HgQYwIEcJt4,"KONSOL İŞİ BİTER, Amazon LUNA vs. Google STADIA, CYBERPUNK, Larian Studios #Hesoyam",UC6q0eGHt5euC8aYLDjhaHpA,Can Sungur ve Yakın Evren,2020-10-10,121523,7050,123,566,37183481,230000,811,50,19,364,1510.449951171875,2020-10-09,1567.699951171875,2020-10-16
qKUlG04AnL4,Google STADIA Setup &amp; First Review... Hold off for now! | The Tech Chap,UCzlXf-yUIaOpOjEjPrOO9TA,The Tech Chap,2019-11-23,121117,2260,99,460,216793813,966000,722,101,36,70,1293.6700439453125,2019-11-22,1304.0899658203125,2019-11-29
oAK14DN-Lg8,"Google Stadia se estrella en su lanzamiento., catálogo mediocre, pocas funcionalidades | SQS",UCTVlEYIot8eHlhSlziENlog,elgranqenk2,2019-11-21,118670,8244,319,850,151333174,693000,1210,21,30,395,1301.8599853515625,2019-11-20,1312.1300048828125,2019-11-27
5T4RaPp6-iE,I tried Google Stadia [First Impressions],UCOcE8WdQOSeqFczVxGatGKg,Lamarr Wilson,2019-11-22,110361,4198,167,393,187034308,1830000,742,91,24,61,1300.1400146484375,2019-11-21,1312.1300048828125,2019-11-27
sgM4a4oPruY,Google Stadia - INUTILE O INNOVAZIONE?,UCXDorkXBjDsh0wNethPe-zQ,Andrea Bentivegna - BlackGeek,2019-03-21,105228,8750,164,655,149647408,637000,1281,24,7,326,1226.4300537109375,2019-03-20,1178.010009765625,2019-03-27
xTaprNQoSsY,The one person that uses Google Stadia,UCza8ZlL0pYIMwY9TTsdUOGw,chrisdlln,2020-07-14,101134,7961,175,614,15320262,117000,140,87,44,119,1512.22998046875,2020-07-13,1563.8399658203125,2020-07-20
Jqj5ywQXCGs,Yes Google Stadia is VERY Bad!!,UCiHFS5txB0O7jckRk-oK8XQ,DreamcastGuy,2019-11-18,100124,4714,1103,1448,61639898,200000,1640,320,194,203,1333.5400390625,2019-11-15,1293.6700439453125,2019-11-22
eEyM7pLZqM4,Google Stadia Conferência Honesta - Paródia,UCm9yWjCa1JT6sqVBQ8q-x0Q,DublandoCoisas,2019-04-05,99232,11060,46,284,71958090,601000,912,13,3,124,1219.449951171875,2019-04-04,1209.5899658203125,2019-04-11
ak16iUdSM_M,Take-Two похоронила Google Stadia. EGS на очереди,UC4e_XPBiiIO4fo4_CucxQeg,iXBT games,2020-06-02,98641,9837,184,646,60738822,190000,1226,37,2,371,1434.8699951171875,2020-06-01,1448.0400390625,2020-06-08
rCF7loToqdc,FINALMENTE!! SAIU O FANTASTICO &quot;EMULADOR&quot; OFICIAL da GOOGLE para CELULAR ANDROID - GOOGLE STADIA APP,UCq4d5Kl14cbbS8K15mV-z7g,INCOMPATÍVEIS BR,2020-04-10,98710,6965,397,340,121209228,1470000,762,10,2,172,1206.5699462890625,2020-04-09,1257.4300537109375,2020-04-16
Qr9_uXluL1Q,Worst Ever: Stadia Is Still Broken! - Rerez,UCoFpRCAsKfWAshvLE1bYzdw,Rerez,2020-12-01,157264,10364,813,3088,56808790,273000,314,495,273,331,1754.4000244140625,2020-11-30,1824.969970703125,2020-12-02
N4CydDzVGA8,Google Stadia en 4 Minutos (Subtitulado al Español),UCDDvmdft9g81RNInHni599Q,Arturo Goga,2019-03-19,95986,1891,96,598,13075061,94800,967,8,8,193,1188.550048828125,2019-03-18,1197.3800048828125,2019-03-25
8Ylqd8YTAEg,STADIA è GRATIS... ma ne vale la pena?,UC5GSO2hiHevgZUhSQIJNd2A,Quei Due Sul Server 2,2020-04-16,96137,6605,73,728,374951675,569000,4991,56,52,308,1257.300048828125,2020-04-15,1258.4100341796875,2020-04-22
RKQXRJKTd5U,TESTIAMO GOOGLE STADIA,UC5GSO2hiHevgZUhSQIJNd2A,Quei Due Sul Server 2,2020-05-05,59249,4671,66,182,374951675,569000,4991,16,5,116,1322.9000244140625,2020-05-04,1403.5899658203125,2020-05-11
ozJnG1ar_rM,Google STADIA! Das ENDE DES GAMING PCs oder harmlos? #KreativeFragen 64,UC3xKksVR1NXvF1q7utbtt7g,KreativEcke,2019-06-14,95732,5520,124,2115,67791407,325000,822,149,28,885,1091.010009765625,2019-06-13,1113.199951171875,2019-06-20
c-dflr0u4G8,Google Stadia Dev Gives everyone another reason to Hate Stadia More,UCbQ4fbi0fy3d6Hb7q2FIATw,It'sAGundam,2020-10-29,95191,9337,113,907,107653654,523000,1446,238,132,175,1510.800048828125,2020-10-28,1745.8499755859375,2020-11-04
ShAYrhn5Zjk,6 razones por las que NO recomiendo Google Stadia,UCe1FDuO_eqI4M9U9UyLBOhA,Just Unboxing,2019-11-27,92745,2752,474,402,87043910,518000,904,9,9,117,1313.0,2019-11-26,1294.739990234375,2019-12-03
U6xDg4_SUrk,Google Is Already Viewing Stadia As An Afterthought,UC__Oy3QdB3d9_FHO_XG1PZg,ReviewTechUSA,2020-10-01,90709,4751,242,859,434988052,963000,3752,286,107,158,1465.5999755859375,2020-09-30,1459.1400146484375,2020-10-07
zXx811xC6Ns,Google Distances Itself From Stadia Dev&#39;s Disastrous Take On Game Live Streamers,UC__Oy3QdB3d9_FHO_XG1PZg,ReviewTechUSA,2020-10-23,66104,4166,84,580,434988052,963000,3752,203,102,92,1606.6600341796875,2020-10-22,1556.8800048828125,2020-10-29
2HjcXP3Qg9I,Huge Cyberpunk 2077 Leak! Install Size DLC Dates &amp; Multiplayer As Google Stadia Gameplay Underwhelms,UCfwE_ODI1YTbdjkzuSi1Nag,TheQuartering,2020-11-28,89535,5224,245,1176,438505499,982000,2696,261,152,156,1787.02001953125,2020-11-27,1824.969970703125,2020-12-02
FZJ9aL1i2cg,PLAYING GTA 5 ON MY PHONE WITH GOOGLE STADIA?😍,UCNSkIgYMLDX3tZDNWPnbrDw,Anmol Jaiswal,2019-03-26,87618,1980,1171,332,77294558,752000,480,23,37,124,1197.3800048828125,2019-03-25,1198.97998046875,2019-04-01
VOYrqn8xx1Y,JOGUEI NO NOVO CONSOLE DO GOOGLE! - STADIA é BOM MESMO?,UCSRmIdDu1XFDr2iViBvcEDA,Controle Dois,2019-11-26,86984,8951,128,231,355107926,2320000,1117,13,3,111,1305.6400146484375,2019-11-25,1288.8599853515625,2019-12-02
iN13EhmkuU8,"J&#39;AI TESTÉ STADIA, LA CONSOLE DE GOOGLE !",UCSa3tAS6S9fZhPZue05eyhQ,Retrojeux,2019-11-29,85525,1669,185,458,24025804,132000,645,38,15,138,1312.1300048828125,2019-11-27,1326.9599609375,2019-12-05
YTALHOomkug,"Google Stadia, Cloud Gaming Masa Depan? Kepunahan Konsol?",UCbb5TgzYFaLw0_QYxMvxDdg,The Lazy Monday,2019-03-26,85463,3008,75,856,77589989,369000,1182,62,130,344,1197.3800048828125,2019-03-25,1198.97998046875,2019-04-01
I59_ikzn3rU,Google Stadia Pro Erfahrungsbericht nach 3 Monaten,UCtVRqyK1SGKqOlER5-mnKZQ,Technikfaultier,2020-02-19,84011,2236,112,389,120038826,284000,3153,38,7,107,1519.43994140625,2020-02-18,1386.3199462890625,2020-02-25
hYwcglciwXw,"Google Stadia Founders Edition Unboxing, Einrichtung &amp; erster Eindruck",UCtVRqyK1SGKqOlER5-mnKZQ,Technikfaultier,2019-11-23,53152,1368,80,276,120038826,284000,3153,19,10,77,1293.6700439453125,2019-11-22,1304.0899658203125,2019-11-29
U4lvmE84KDU,##125 GOOGLE STADIA - lama2 Komputer &amp; PS4 semakin GAK LAKU !!!!.,UC8WsVTGSkhJTcaQtmn7GlCw,Kios Komputer,2019-07-21,81308,1838,142,554,31022243,258000,207,38,55,205,1131.550048828125,2019-07-19,1245.219970703125,2019-07-26
WZ-Wnc8igDE,Is Google Stadia for you?,UCX_t3BvnQtS5IHzto_y7tbw,Coreteks,2019-03-20,79461,3127,151,928,10366628,123000,51,240,103,138,1202.4599609375,2019-03-19,1189.8399658203125,2019-03-26
xPp0vZgN-F0,Doom Eternal On Google Stadia Gameplay | GDC 2019,UCnZ7P-Tab_LqLQECgPlW-nw,GameSpot Gameplay,2019-03-19,77862,835,90,261,59933563,117000,4649,36,13,47,1188.550048828125,2019-03-18,1197.3800048828125,2019-03-25
1e8Bs88016o,تعرّف على منصة Google Stadia,UC1C2VTdEHmQD-3GINYSHuFA,Abdullah Reviews,2019-03-20,76671,5091,153,621,26704976,240000,522,2,2,335,1202.4599609375,2019-03-19,1189.8399658203125,2019-03-26
rXsw_VH8zzk,F1 2020 On Google Stadia: Is It Any Good?,UCcIqkLHMUEEyvUnki9bpeKQ,Alex Gillon,2020-07-15,77214,1645,41,178,10975579,35100,553,42,13,17,1520.8599853515625,2020-07-14,1555.9200439453125,2020-07-21
pLqM3ih9U1Q,El GAMING en la NUBE | GOOGLE STADIA VS GEFORCE NOW | ¿Cual es mejor?,UChNjKomUc1P4v5KfNDfyk4A,Toro Tocho Reviews,2020-02-12,75282,3176,99,403,38613770,244000,610,18,7,191,1510.06005859375,2020-02-11,1519.43994140625,2020-02-18
nHzx1QE0TTs,"Есть ли смысл в GeForce Now и Google Stadia. Обзор, сравнение, выводы",UC8SCPmddeQZoP1CVwBcIDMQ,Егор Клёнов,2020-09-25,77665,4957,118,628,40210653,143000,590,7,5,286,1422.8599853515625,2020-09-24,1487.9000244140625,2020-10-01
k_ggh7FE0KY,Eerste indruk: Google Stadia! Kan je PlayStation of Xbox de deur uit?,UCDmYblK8ScOM4LEfXCQNzCw,Bright,2019-11-18,73799,1741,59,510,61774481,223000,2082,33,25,158,1333.5400390625,2019-11-15,1293.6700439453125,2019-11-22
ND-bRiEZJvo,PUBG Google Stadia Gameplay - No More Cheaters! (Playerunknown&#39;s Battlegrounds),UCeBiljCj-bcYGRFDVf1Pt0g,The Average Sniper,2020-04-28,72526,1639,74,466,43505954,212000,1395,97,39,70,1270.8599853515625,2020-04-27,1322.9000244140625,2020-05-04
2Jgx1_l0xto,"Ho provato GOOGLE STADIA in anteprima, CHE BOMBA!",UCdufkvMrmyR1TMhDG8PhsJw,HDblog,2019-11-18,72177,1842,195,573,259530882,484000,5550,18,11,154,1333.5400390625,2019-11-15,1293.6700439453125,2019-11-22
h4CZCcBEYUg,GeForce Now - Jetzt schon besser als Google Stadia! | Kurz-Test / Hands-on,UCtmCJsYolKUjDPcUdfM8Skg,PC-WELT,2020-02-09,71054,2190,131,659,133544856,627000,2148,50,22,182,1479.1099853515625,2020-02-07,1518.72998046875,2020-02-14
o-QkvixsvTM,"🔴 IMMORTALS: FENYX RISING 🔱 Die ersten 2,5 Stunden auf GOOGLE STADIA #Werbung",UCXGPGV90SPduyn9LVX9s7Kw,Domtendo,2020-12-04,69676,3439,89,105,1891811287,1280000,9211,6,5,50,1824.969970703125,2020-12-02,,
RtGrqJajezM,🔴 IMMORTALS: FENYX RISING &amp; PAC MAN Google Stadia Demos angespielt #Werbung,UCXGPGV90SPduyn9LVX9s7Kw,Domtendo,2020-10-24,51417,2532,58,131,1891811287,1280000,9211,10,6,42,1632.97998046875,2020-10-23,1616.1099853515625,2020-10-30
KWTngcJSaSk,Veja a revelação do Google Stadia - Transmissão do evento ao vivo com tradução simultânea - TecMundo,UCdmGjywrxeOPfC7vDllmSgQ,TecMundo,2019-03-19,65124,4455,62,173,695033250,3720000,6771,9,1,80,1188.550048828125,2019-03-18,1197.3800048828125,2019-03-25
aNOzvXL3xYU,GOOGLE STADIA | Cortes do Flow,UC3uYvpJ3J6oNoNYRXfZXjEw,Cortes do Flow [OFICIAL],2020-08-20,65052,5968,78,704,306094381,1220000,1631,21,16,229,1544.6099853515625,2020-08-19,1644.1300048828125,2020-08-26
2PbmW3VSKE8,تشتري تجميعة ولا تشترك في Google Stadia ؟؟,UCsAPtCbNnz436DaAr9S3jUw,Tech Quotes,2019-07-04,64731,5796,158,606,21044928,313000,374,6,9,248,1122.989990234375,2019-07-03,1140.9100341796875,2019-07-10
voZxR0JD-ss,NÃO PRECISA MAIS GASTAR DINHEIRO COM PC GAMER? GOOGLE STADIA,UCbK5Us4E-HsXw6fQ1PYUuog,MW Informática,2019-03-21,62715,5393,111,769,93265691,824000,819,24,10,425,1226.4300537109375,2019-03-20,1178.010009765625,2019-03-27
_XVDvNpQmas,What Google Stadia Would Have Looked Like in the &#39;90s,UCXA2lepIpHZ24iQU22WgDeA,Squirrel Monkey,2020-02-03,62734,2959,31,646,20442383,132000,73,44,26,58,1432.780029296875,2020-01-31,1479.1099853515625,2020-02-07
V9pwvWxzy_o,YA ERA HORA!👏Google Stadia Pro es GRATIS y no tiene requisitos,UCcUr_9FT9kFwSY_iP3Yh8Ig,eSavants,2020-04-10,60397,1125,179,257,41892476,166000,844,1,5,70,1206.5699462890625,2020-04-09,1257.4300537109375,2020-04-16
XHa1tr-KHTU,Google Stadia 開箱！Stadia是什麼？玩 3A 遊戲大作不用買主機、買電腦,UCAr4MVsPBKjhg5eLDDpbDFg,電獺少女-女孩的科技日常,2019-12-24,59227,831,41,150,130059836,810000,1856,0,0,86,1350.6300048828125,2019-12-23,1339.7099609375,2019-12-30
88jcm8xYoCM,"Google Stadia UNBOXING! Latency Test, Gameplay, First Impressions, and More! | Nintendrew",UCPPJztUtNV7NV8pHDotulWg,Nintendrew,2019-11-23,58849,2253,273,650,38525951,320000,117,142,46,91,1293.6700439453125,2019-11-22,1304.0899658203125,2019-11-29
b8TrHmtdRM8,"GOOGLE STADIA, XBOX &amp; PS5 - Wie sieht GAMING im Jahre 2020 aus? (feat. GAME MANSION) | Raketenjansel",UCmHA3_xm8VoVky1tnRs_kKg,Raketenjansel,2019-11-23,56505,2290,62,623,10988057,62100,233,66,37,229,1293.6700439453125,2019-11-22,1304.0899658203125,2019-11-29
MCkDCNsaxYQ,"1 Year Later, WTF Is Google Stadia Doing?",UC3nPaf5MeeDTHA2JN7clidg,Bellular News,2020-10-24,56328,3559,155,635,43295226,220000,500,155,81,90,1632.97998046875,2020-10-23,1616.1099853515625,2020-10-30
tlmq5JsTuZg,Иксбокс ЖЕСТОКО ОПУСКАЕТ Google Stadia Лучшим Сервисом,UCUKozrdkGiiw_MkUSjqssGQ,Культас ЖИВЬЕМ,2020-05-26,56130,4088,96,291,44593469,183000,528,4,7,135,1413.239990234375,2020-05-22,1434.8699951171875,2020-06-01
itbEBhziU_E,GOOGLE STADIA СТАЛА БЕСПЛАТНОЙ И ВСЕМ НАСРАТЬ,UCUKozrdkGiiw_MkUSjqssGQ,Культас ЖИВЬЕМ,2020-04-12,52936,2941,167,229,44593469,183000,528,5,0,96,1206.5699462890625,2020-04-09,1279.0,2020-04-17
-rUav2xddOY,Der UNTERGANG von GOOGLE STADIA,UCwyi4mA4zCuXDhVwLxwtylA,GamingClerks,2020-03-07,56161,3321,253,685,70096766,143000,3165,58,29,216,1295.739990234375,2020-03-06,1214.27001953125,2020-03-13
27Jb7G0FPO8,Google Stadia review: 1 year later!,UCzIO0iX4yKW2P4NkmmKq1PA,9to5Google,2020-11-19,66058,1268,75,308,31274189,128000,831,76,18,29,1740.6400146484375,2020-11-18,1764.1300048828125,2020-11-25
hcPkf2kYta4,"Getting Started With Google Stadia Account, Games, Screens &amp; Controllers",UCjMVmz06abZGVdWjd1mAMnQ,Tech With Brett,2020-04-20,53252,1126,61,250,67423135,319000,436,48,13,32,1279.0,2020-04-17,1276.5999755859375,2020-04-24
lpb7JC_7i0g,"Google Stadia Will Kill PC,PS4 and Xbox One !",UCheoCqHDwPcfS9Jrgz8siQw,VideoWaliSarkar,2019-03-20,50286,3772,115,711,168105737,1440000,1388,182,49,295,1202.4599609375,2019-03-19,1189.8399658203125,2019-03-26
